x,l,high_precision_value,forward_value,backward_value,forward_absolute_error,forward_relative_error,backward_absolute_error,backward_relative_error
0,0,1.00000000000000000e+00,1.00000000000000000e+00,1.00000000000000000e+00,0.00000000000000000e+00,0.00000000000000000e+00,0.00000000000000000e+00,0.00000000000000000e+00
0,1,0.00000000000000000e+00,0.00000000000000000e+00,inf,0.00000000000000000e+00,nan,inf,nan
0,2,-5.00000000000000000e-01,-5.00000000000000000e-01,-5.00000000000000000e-01,0.00000000000000000e+00,0.00000000000000000e+00,0.00000000000000000e+00,0.00000000000000000e+00
0,3,-0.00000000000000000e+00,-0.00000000000000000e+00,-inf,0.00000000000000000e+00,nan,inf,nan
0,4,3.75000000000000000e-01,3.75000000000000000e-01,3.75000000000000000e-01,0.00000000000000000e+00,0.00000000000000000e+00,0.00000000000000000e+00,0.00000000000000000e+00
0,5,0.00000000000000000e+00,0.00000000000000000e+00,inf,0.00000000000000000e+00,nan,inf,nan
0,6,-3.12500000000000000e-01,-3.12500000000000000e-01,-3.12500000000000000e-01,0.00000000000000000e+00,0.00000000000000000e+00,0.00000000000000000e+00,0.00000000000000000e+00
0,7,-0.00000000000000000e+00,-0.00000000000000000e+00,-inf,0.00000000000000000e+00,nan,inf,nan
0,8,2.73437500000000000e-01,2.73437500000000000e-01,2.73437500000000000e-01,0.00000000000000000e+00,0.00000000000000000e+00,0.00000000000000000e+00,0.00000000000000000e+00
0,9,0.00000000000000000e+00,0.00000000000000000e+00,inf,0.00000000000000000e+00,nan,inf,nan
0,10,-2.46093750000000000e-01,-2.46093750000000000e-01,-2.46093749999999972e-01,0.00000000000000000e+00,0.00000000000000000e+00,2.77555756156289135e-17,1.12784561231761928e-16
0,11,-0.00000000000000000e+00,-0.00000000000000000e+00,-inf,0.00000000000000000e+00,nan,inf,nan
0,12,2.25585937500000000e-01,2.25585937500000000e-01,2.25585937500000000e-01,0.00000000000000000e+00,0.00000000000000000e+00,0.00000000000000000e+00,0.00000000000000000e+00
0,13,0.00000000000000000e+00,0.00000000000000000e+00,inf,0.00000000000000000e+00,nan,inf,nan
0,14,-2.09472656250000000e-01,-2.09472656250000000e-01,-2.09472656250000028e-01,0.00000000000000000e+00,0.00000000000000000e+00,2.77555756156289135e-17,1.32502141866685349e-16
0,15,-0.00000000000000000e+00,-0.00000000000000000e+00,-inf,0.00000000000000000e+00,nan,inf,nan
0,16,1.96380615234375000e-01,1.96380615234375000e-01,1.96380615234375028e-01,0.00000000000000000e+00,0.00000000000000000e+00,2.77555756156289135e-17,1.41335617991131039e-16
0,17,0.00000000000000000e+00,0.00000000000000000e+00,inf,0.00000000000000000e+00,nan,inf,nan
0,18,-1.85470581054687500e-01,-1.85470581054687500e-01,-1.85470581054687528e-01,0.00000000000000000e+00,0.00000000000000000e+00,2.77555756156289135e-17,1.49649477872962265e-16
0,19,-0.00000000000000000e+00,-0.00000000000000000e+00,-inf,0.00000000000000000e+00,nan,inf,nan
0,20,1.76197052001953125e-01,1.76197052001953125e-01,1.76197052001953125e-01,0.00000000000000000e+00,0.00000000000000000e+00,0.00000000000000000e+00,0.00000000000000000e+00
0,21,0.00000000000000000e+00,0.00000000000000000e+00,inf,0.00000000000000000e+00,nan,inf,nan
0,22,-1.68188095092773438e-01,-1.68188095092773438e-01,-1.68188095092773382e-01,0.00000000000000000e+00,0.00000000000000000e+00,5.55111512312578270e-17,3.30053986286232609e-16
0,23,-0.00000000000000000e+00,-0.00000000000000000e+00,-inf,0.00000000000000000e+00,nan,inf,nan
0,24,1.61180257797241211e-01,1.61180257797241211e-01,1.61180257797241183e-01,0.00000000000000000e+00,0.00000000000000000e+00,2.77555756156289135e-17,1.72202079801512650e-16
0,25,0.00000000000000000e+00,0.00000000000000000e+00,inf,0.00000000000000000e+00,nan,inf,nan
0,26,-1.54981017112731934e-01,-1.54981017112731934e-01,-1.54981017112731934e-01,0.00000000000000000e+00,0.00000000000000000e+00,0.00000000000000000e+00,0.00000000000000000e+00
0,27,-0.00000000000000000e+00,-0.00000000000000000e+00,-inf,0.00000000000000000e+00,nan,inf,nan
0,28,1.49445980787277222e-01,1.49445980787277222e-01,1.49445980787277249e-01,0.00000000000000000e+00,0.00000000000000000e+00,2.77555756156289135e-17,1.85723131993335143e-16
0,29,0.00000000000000000e+00,0.00000000000000000e+00,inf,0.00000000000000000e+00,nan,inf,nan
0,30,-1.44464448094367981e-01,-1.44464448094367981e-01,-1.44464448094367953e-01,0.00000000000000000e+00,0.00000000000000000e+00,2.77555756156289135e-17,1.92127377924139799e-16
0,31,-0.00000000000000000e+00,-0.00000000000000000e+00,-inf,0.00000000000000000e+00,nan,inf,nan
0,32,1.39949934091418982e-01,1.39949934091418982e-01,1.39949934091419009e-01,0.00000000000000000e+00,0.00000000000000000e+00,2.77555756156289135e-17,1.98325035276531386e-16
0,33,0.00000000000000000e+00,0.00000000000000000e+00,inf,0.00000000000000000e+00,nan,inf,nan
0,34,-1.35833759559318423e-01,-1.35833759559318423e-01,-1.35833759559318396e-01,0.00000000000000000e+00,0.00000000000000000e+00,2.77555756156289135e-17,2.04334884830365685e-16
0,35,-0.00000000000000000e+00,-0.00000000000000000e+00,-inf,0.00000000000000000e+00,nan,inf,nan
0,36,1.32060599571559578e-01,1.32060599571559578e-01,1.32060599571559578e-01,0.00000000000000000e+00,0.00000000000000000e+00,0.00000000000000000e+00,0.00000000000000000e+00
0,37,0.00000000000000000e+00,0.00000000000000000e+00,inf,0.00000000000000000e+00,nan,inf,nan
0,38,-1.28585320635465905e-01,-1.28585320635465905e-01,-1.28585320635465905e-01,0.00000000000000000e+00,0.00000000000000000e+00,0.00000000000000000e+00,0.00000000000000000e+00
0,39,-0.00000000000000000e+00,-0.00000000000000000e+00,-inf,0.00000000000000000e+00,nan,inf,nan
0,40,1.25370687619579257e-01,1.25370687619579257e-01,1.25370687619579285e-01,0.00000000000000000e+00,0.00000000000000000e+00,2.77555756156289135e-17,2.21388078366847039e-16
0,41,0.00000000000000000e+00,0.00000000000000000e+00,inf,0.00000000000000000e+00,nan,inf,nan
0,42,-1.22385671247684513e-01,-1.22385671247684513e-01,-1.22385671247684499e-01,0.00000000000000000e+00,0.00000000000000000e+00,1.38777878078144568e-17,1.13393893797653355e-16
0,43,-0.00000000000000000e+00,-0.00000000000000000e+00,-inf,0.00000000000000000e+00,nan,inf,nan
0,44,1.19604178719328047e-01,1.19604178719328047e-01,1.19604178719328005e-01,0.00000000000000000e+00,0.00000000000000000e+00,4.16333634234433703e-17,3.48092883285819625e-16
0,45,0.00000000000000000e+00,0.00000000000000000e+00,inf,0.00000000000000000e+00,nan,inf,nan
0,46,-1.17004087877603524e-01,-1.17004087877603524e-01,-1.17004087877603483e-01,0.00000000000000000e+00,0.00000000000000000e+00,4.16333634234433703e-17,3.55828280692171180e-16
0,47,-0.00000000000000000e+00,-0.00000000000000000e+00,-inf,0.00000000000000000e+00,nan,inf,nan
0,48,1.14566502713486784e-01,1.14566502713486784e-01,1.14566502713486798e-01,0.00000000000000000e+00,0.00000000000000000e+00,1.38777878078144568e-17,1.21133031724994455e-16
0,49,0.00000000000000000e+00,0.00000000000000000e+00,inf,0.00000000000000000e+00,nan,inf,nan
0,50,-1.12275172659217048e-01,-1.12275172659217048e-01,-1.12275172659217048e-01,0.00000000000000000e+00,0.00000000000000000e+00,0.00000000000000000e+00,0.00000000000000000e+00
0.10000000000000001,0,1.00000000000000000e+00,1.00000000000000000e+00,1.00000000000000000e+00,0.00000000000000000e+00,0.00000000000000000e+00,0.00000000000000000e+00,0.00000000000000000e+00
0.10000000000000001,1,1.00000000000000006e-01,1.00000000000000006e-01,3.33333333333333304e+00,0.00000000000000000e+00,0.00000000000000000e+00,3.23333333333333295e+00,3.23333333333333286e+01
0.10000000000000001,2,-4.84999999999999987e-01,-4.84999999999999987e-01,-5.19480519480519431e-01,0.00000000000000000e+00,0.00000000000000000e+00,3.44805194805194448e-02,7.10938545990091597e-02
0.10000000000000001,3,-1.47500000000000020e-01,-1.47499999999999992e-01,-1.11214087117701554e+00,2.77555756156289135e-17,1.88173394004263787e-16,9.64640871177015580e-01,6.53993810967468114e+00
0.10000000000000001,4,3.37937500000000002e-01,3.37937500000000002e-01,4.22948479588330206e-01,0.00000000000000000e+00,0.00000000000000000e+00,8.50109795883302044e-02,2.51558289885941033e-01
0.10000000000000001,5,1.78828750000000009e-01,1.78828750000000009e-01,6.08229497153865983e-01,0.00000000000000000e+00,0.00000000000000000e+00,4.29400747153866003e-01,2.40118407780553156e+00
0.10000000000000001,6,-2.48829312499999983e-01,-2.48829312499999983e-01,-4.03063311396360702e-01,0.00000000000000000e+00,0.00000000000000000e+00,1.54233998896360719e-01,6.19838544529839996e-01
0.10000000000000001,7,-1.99492943750000012e-01,-1.99492943750000012e-01,-4.08200179604069902e-01,0.00000000000000000e+00,0.00000000000000000e+00,2.08707235854069889e-01,1.04618856151432116e+00
0.10000000000000001,8,1.80320721484375002e-01,1.80320721484374974e-01,4.31993351918923851e-01,2.77555756156289135e-17,1.53923383775025357e-16,2.51672630434548850e-01,1.39569445132436742e+00
0.10000000000000001,9,2.11387641835937501e-01,2.11387641835937501e-01,3.08195719770082088e-01,0.00000000000000000e+00,0.00000000000000000e+00,9.68080779341445874e-02,4.57964699796781005e-01
0.10000000000000001,10,-1.22124997387109357e-01,-1.22124997387109330e-01,-5.28912793193749398e-01,2.77555756156289135e-17,2.27271862513534785e-16,4.06787795806640040e-01,3.33091344532202749e+00
0.10000000000000001,11,-2.15485355715664073e-01,-2.15485355715664073e-01,-2.52239723431599394e-01,0.00000000000000000e+00,0.00000000000000000e+00,3.67543677159353210e-02,1.70565501279043852e-01
0.10000000000000001,12,7.06465544260146266e-02,7.06465544260145989e-02,8.08658377630645964e-01,2.77555756156289135e-17,3.92879395762977242e-16,7.38011823204631323e-01,1.04465366952541512e+01
0.10000000000000001,13,2.12495434973308112e-01,2.12495434973308112e-01,2.19698528973867657e-01,0.00000000000000000e+00,0.00000000000000000e+00,7.20309400055954563e-03,3.38976411491585111e-02
0.10000000000000001,14,-2.46191095078755924e-02,-2.46191095078755647e-02,-2.57142118907170536e+00,2.77555756156289135e-17,1.12739965703267919e-15,2.54680207956382976e+00,1.03448180314934376e+02
0.10000000000000001,15,-2.03088767146610172e-01,-2.03088767146610200e-01,-2.01727461686346726e-01,2.77555756156289135e-17,1.36667212104311555e-16,1.36130546026344557e-03,6.70300715982345089e-03
0.10000000000000001,16,-1.62680334710223577e-02,-1.62680334710223820e-02,-1.64581136855276089e+00,2.42861286636752993e-17,1.49287427438204360e-15,1.62954333508173854e+00,1.00168427731869585e+02
0.10000000000000001,17,1.87984456699493485e-01,1.87984456699493485e-01,1.94480167073170590e-01,0.00000000000000000e+00,0.00000000000000000e+00,6.49571037367710491e-03,3.45545077913593651e-02
0.10000000000000001,18,5.19167870808670689e-02,5.19167870808670967e-02,5.88133899980283759e-01,2.77555756156289135e-17,5.34616588896305122e-16,5.36217112899416648e-01,1.03283955546823343e+01
0.10000000000000001,19,-1.67980426757456558e-01,-1.67980426757456558e-01,-1.96905947247413837e-01,0.00000000000000000e+00,0.00000000000000000e+00,2.89255204899572793e-02,1.72195779283989048e-01
0.10000000000000001,20,-8.20771309445277458e-02,-8.20771309445277736e-02,-3.53246001627767481e-01,2.77555756156289135e-17,3.38164544693791291e-16,2.71168870683239749e-01,3.30382979476354555e+00
0.10000000000000001,21,1.43956776108407958e-01,1.43956776108407958e-01,2.10400650803063111e-01,0.00000000000000000e+00,0.00000000000000000e+00,6.64438746946551528e-02,4.61554339370721878e-01
0.10000000000000001,22,1.06483358504601680e-01,1.06483358504601680e-01,2.53944791644564849e-01,0.00000000000000000e+00,0.00000000000000000e+00,1.47461433139963183e-01,1.38483078680872596e+00
0.10000000000000001,23,-1.16864085265837719e-01,-1.16864085265837719e-01,-2.40143251188963069e-01,0.00000000000000000e+00,0.00000000000000000e+00,1.23279165923125350e-01,1.05489351705183720e+00
0.10000000000000001,24,-1.24932435264803160e-01,-1.24932435264803174e-01,-2.01642895763435526e-01,1.38777878078144568e-17,1.11082344456021384e-16,7.67104604986323657e-02,6.14015570384417009e-01
0.10000000000000001,25,8.77027645433027941e-02,8.77027645433027941e-02,3.00661527492346370e-01,0.00000000000000000e+00,0.00000000000000000e+00,2.12958762949043590e-01,2.42818757262658780e+00
0.10000000000000001,26,1.37330576184266279e-01,1.37330576184266279e-01,1.71361254465987711e-01,0.00000000000000000e+00,0.00000000000000000e+00,3.40306782817214326e-02,2.47801176018223601e-01
0.10000000000000001,27,-5.74970305314541213e-02,-5.74970305314541283e-02,-4.41465270997594250e-01,6.93889390390722838e-18,1.20682648125823854e-16,3.83968240466140143e-01,6.67805340409863124e+00
0.10000000000000001,28,-1.43719972317792405e-01,-1.43719972317792405e-01,-1.53541766837978350e-01,0.00000000000000000e+00,0.00000000000000000e+00,9.82179452018594468e-03,6.83398024769172330e-02
0.10000000000000001,29,2.72659659541137460e-02,2.72659659541137564e-02,9.79386008833173394e-01,1.04083408558608426e-17,3.81733802256526560e-16,9.52120042879059603e-01,3.49197253631650142e+01
0.10000000000000001,30,1.44291613211508352e-01,1.44291613211508352e-01,1.43986797784072751e-01,0.00000000000000000e+00,0.00000000000000000e+00,3.04815427435600750e-04,2.11249580381910529e-03
0.10000000000000001,31,2.00644716021899060e-03,2.00644716021897672e-03,2.80633280991269496e+00,1.38777878078144568e-17,6.91659769714532936e-15,2.80432636275247615e+00,1.39765771975096641e+03
0.10000000000000001,32,-1.39387481013980602e-01,-1.39387481013980602e-01,-1.40909866672537659e-01,0.00000000000000000e+00,0.00000000000000000e+00,1.52238565855705721e-03,1.09219683681948555e-02
0.10000000000000001,33,-2.94007556278145961e-02,-2.94007556278145787e-02,-5.52998021123909278e-01,1.73472347597680709e-17,5.90026833982345395e-16,5.23597265496094644e-01,1.78089730796151784e+01
0.10000000000000001,34,1.29494170904558892e-01,1.29494170904558892e-01,1.43992541461821222e-01,0.00000000000000000e+00,0.00000000000000000e+00,1.44983705572623300e-02,1.11961569049683837e-01
0.10000000000000001,35,5.40895848739186488e-02,5.40895848739186280e-02,3.05781045858456224e-01,2.08166817117216851e-17,3.84855638294226197e-16,2.51691460984537596e-01,4.65323336407967503e+00
0.10000000000000001,36,-1.15229442473742741e-01,-1.15229442473742755e-01,-1.54319078980149599e-01,1.38777878078144568e-17,1.20436127346331471e-16,3.90896365064068579e-02,3.39233061162421135e-01
0.10000000000000001,37,-7.53621617707944114e-02,-7.53621617707943975e-02,-2.13918125168436085e-01,1.38777878078144568e-17,1.84147952788591666e-16,1.38555963397641674e-01,1.83853488464203219e+00
0.10000000000000001,38,9.73229778486190411e-02,9.73229778486190550e-02,1.75193371737898979e-01,1.38777878078144568e-17,1.42595182705985974e-16,7.78703938892799374e-02,8.00123420086912951e-01
0.10000000000000001,39,9.26448481211424174e-02,9.26448481211424035e-02,1.67956141979834134e-01,1.38777878078144568e-17,1.49795569740347121e-16,7.53112938586917163e-02,8.12903203858833634e-01
0.10000000000000001,40,-7.65925458984779289e-02,-7.65925458984779428e-02,-2.15115520909664654e-01,1.38777878078144568e-17,1.81189796539851536e-16,1.38522975011186711e-01,1.80856992526134963e+00
0.10000000000000001,41,-1.05516915771301664e-01,-1.05516915771301636e-01,-1.41967717528056980e-01,2.77555756156289135e-17,2.63043848588093722e-16,3.64508017567553161e-02,3.45449840817553089e-01
0.10000000000000001,42,5.39167614508521756e-02,5.39167614508521895e-02,2.99714817099718478e-01,1.38777878078144568e-17,2.57392829880273013e-16,2.45798055648866309e-01,4.55884309507208663e+00
0.10000000000000001,43,1.13720998482021246e-01,1.13720998482021232e-01,1.26796933899138764e-01,1.38777878078144568e-17,1.22033643681104949e-16,1.30759354171175179e-02,1.14982594170457988e-01
0.10000000000000001,44,-3.02056376271149681e-02,-3.02056376271149889e-02,-5.49798302641542613e-01,2.08166817117216851e-17,6.89165445494022117e-16,5.19592665014427690e-01,1.72018439547192408e+01
0.10000000000000001,45,-1.17167869068672395e-01,-1.17167869068672381e-01,-1.18572212402379709e-01,1.38777878078144568e-17,1.18443630648267990e-16,1.40434333370731412e-03,1.19857375991384192e-02
0.10000000000000001,46,6.37013227598379889e-03,6.37013227598381970e-03,6.48517804855564606e+00,2.08166817117216851e-17,3.26785705694106202e-15,6.47880791627966257e+00,1.01706018581522778e+03
0.10000000000000001,47,1.15935408666501691e-01,1.15935408666501677e-01,1.15631163158373407e-01,1.38777878078144568e-17,1.19702754899800490e-16,3.04245508128284103e-04,2.62426735393216093e-03
0.10000000000000001,48,1.67081284450109925e-02,1.67081284450109682e-02,6.28861200763695449e-01,2.42861286636752993e-17,1.45355170949305689e-15,6.12153072318684432e-01,3.66380396424036263e+01
0.10000000000000001,49,-1.10261852450519893e-01,-1.10261852450519879e-01,-1.17549177833353696e-01,1.38777878078144568e-17,1.25862095542446353e-16,7.28732538283380360e-03,6.60910842768943768e-02
0.10000000000000001,50,-3.82058126613137108e-02,-3.82058126613136831e-02,-2.99306360212197808e-01,2.77555756156289135e-17,7.26475205793320138e-16,2.61100547550884077e-01,6.83405297161152170e+00
0.5,0,1.00000000000000000e+00,1.00000000000000000e+00,1.00000000000000000e+00,0.00000000000000000e+00,0.00000000000000000e+00,0.00000000000000000e+00,0.00000000000000000e+00
0.5,1,5.00000000000000000e-01,5.00000000000000000e-01,6.66666666666666630e-01,0.00000000000000000e+00,0.00000000000000000e+00,1.66666666666666630e-01,3.33333333333333259e-01
0.5,2,-1.25000000000000000e-01,-1.25000000000000000e-01,-8.00000000000000000e+00,0.00000000000000000e+00,0.00000000000000000e+00,7.87500000000000000e+00,6.30000000000000000e+01
0.5,3,-4.37500000000000000e-01,-4.37500000000000000e-01,-4.17391304347826120e-01,0.00000000000000000e+00,0.00000000000000000e+00,2.01086956521738802e-02,4.59627329192545814e-02
0.5,4,-2.89062500000000000e-01,-2.89062500000000000e-01,-3.95468589083419142e-01,0.00000000000000000e+00,0.00000000000000000e+00,1.06406089083419142e-01,3.68107551423720258e-01
0.5,5,8.98437500000000000e-02,8.98437500000000000e-02,4.68864468864468709e+00,0.00000000000000000e+00,0.00000000000000000e+00,4.59880093864468709e+00,5.11866539257843414e+01
0.5,6,3.23242187500000000e-01,3.23242187500000000e-01,3.06238411388240928e-01,0.00000000000000000e+00,0.00000000000000000e+00,1.70037761117590724e-02,5.26038270043543491e-02
0.5,7,2.23144531250000000e-01,2.23144531250000000e-01,3.07706837118854326e-01,0.00000000000000000e+00,0.00000000000000000e+00,8.45623058688543261e-02,3.78957554528257468e-01
0.5,8,-7.36389160156250000e-02,-7.36389160156250000e-02,-3.58477296667094913e+00,0.00000000000000000e+00,0.00000000000000000e+00,3.51113405065532413e+00,4.76804146588784334e+01
0.5,9,-2.67898559570312500e-01,-2.67898559570312500e-01,-2.53130419519346450e-01,0.00000000000000000e+00,0.00000000000000000e+00,1.47681400509660499e-02,5.51258658301595414e-02
0.5,10,-1.88228607177734375e-01,-1.88228607177734375e-01,-2.60545151855165025e-01,0.00000000000000000e+00,0.00000000000000000e+00,7.23165446774306497e-02,3.84195291893893343e-01
0.5,11,6.38713836669921875e-02,6.38713836669921875e-02,3.00282040741273848e+00,0.00000000000000000e+00,0.00000000000000000e+00,2.93894902374574629e+00,4.60135487132800733e+01
0.5,12,2.33752965927124023e-01,2.33752965927124023e-01,2.20559634174006286e-01,0.00000000000000000e+00,0.00000000000000000e+00,1.31933317531177374e-02,5.64413448222554556e-02
0.5,13,1.65804266929626465e-01,1.65804266929626465e-01,2.30015619505453905e-01,0.00000000000000000e+00,0.00000000000000000e+00,6.42113525758274406e-02,3.87272015159182470e-01
0.5,14,-5.71736395359039307e-02,-5.71736395359039307e-02,-2.63237862074842610e+00,0.00000000000000000e+00,0.00000000000000000e+00,2.57520498121252217e+00,4.50418235067114026e+01
0.5,15,-2.10018500685691833e-01,-2.10018500685691833e-01,-1.97995644922008801e-01,0.00000000000000000e+00,0.00000000000000000e+00,1.20228557636830324e-02,5.72466507685250175e-02
0.5,16,-1.49855135474354029e-01,-1.49855135474354029e-01,-2.08192903090701709e-01,0.00000000000000000e+00,0.00000000000000000e+00,5.83377676163476799e-02,3.89294417116132219e-01
0.5,17,5.22168397437781096e-02,5.22168397437781096e-02,2.37095903025432886e+00,0.00000000000000000e+00,0.00000000000000000e+00,2.31874219051055075e+00,4.44060230739421584e+01
0.5,18,1.92296222143340856e-01,1.92296222143340856e-01,1.81183473488284619e-01,0.00000000000000000e+00,0.00000000000000000e+00,1.11127486550562371e-02,5.77897398669257600e-02
0.5,19,1.37767210224410519e-01,1.37767210224410519e-01,1.91596239395735390e-01,0.00000000000000000e+00,0.00000000000000000e+00,5.38290291713248714e-02,3.90724535131706407e-01
0.5,20,-4.83583810673735570e-02,-4.83583810673735570e-02,-2.17408752136376116e+00,0.00000000000000000e+00,0.00000000000000000e+00,2.12572914029638760e+00,4.39578226850645137e+01
0.5,21,-1.78413857922350871e-01,-1.78413857922350871e-01,-1.68033643787680848e-01,0.00000000000000000e+00,0.00000000000000000e+00,1.03802141346700239e-02,5.81805374063918967e-02
0.5,22,-1.28198724677986320e-01,-1.28198724677986320e-01,-1.78425585563142558e-01,0.00000000000000000e+00,0.00000000000000000e+00,5.02268608851562381e-02,3.91789083794068016e-01
0.5,23,4.52449377842185640e-02,4.52449377842185640e-02,2.01905279984736730e+00,0.00000000000000000e+00,0.00000000000000000e+00,1.97380786206314873e+00,4.36249436672142608e+01
0.5,24,1.67159446063450901e-01,1.67159446063450901e-01,1.57384774468778466e-01,0.00000000000000000e+00,0.00000000000000000e+00,9.77467159467243496e-03,5.84751375100999934e-02
0.5,25,1.20381116869332061e-01,1.20381116869332061e-01,1.67644217477577073e-01,0.00000000000000000e+00,0.00000000000000000e+00,4.72631006082450122e-02,3.92612245486531286e-01
0.5,26,-4.26641412083963445e-02,-4.26641412083963445e-02,-1.89292199438363151e+00,0.00000000000000000e+00,0.00000000000000000e+00,1.85025785317523517e+00,4.33679854034212369e+01
0.5,27,-1.57796621504634693e-01,-1.57796621504634693e-01,-1.48533150701661731e-01,0.00000000000000000e+00,0.00000000000000000e+00,9.26347080297296177e-03,5.87051276170756364e-02
0.5,28,-1.13838402812526884e-01,-1.13838402812526898e-01,-1.58607370987586427e-01,1.38777878078144568e-17,1.21907787398149722e-16,4.47689681750595425e-02,3.93267711677110110e-01
0.5,29,4.04796869645777657e-02,4.04796869645777518e-02,1.78773073204787880e+00,1.38777878078144568e-17,3.42833377638477802e-16,1.74725104508330098e+00,4.31636501194353102e+01
0.5,30,1.49848814900610805e-01,1.49848814900610805e-01,1.41024271768048770e-01,0.00000000000000000e+00,0.00000000000000000e+00,8.82454313256203493e-03,5.88896424600690305e-02
0.5,31,1.08258007920364385e-01,1.08258007920364427e-01,1.50890224024133268e-01,4.16333634234433703e-17,3.84575369741416892e-16,4.26322161037688829e-02,3.93801963685952383e-01
0.5,32,-3.85995628883580022e-02,-3.85995628883579883e-02,-1.69827589295910020e+00,1.38777878078144568e-17,3.59532252941655202e-16,1.65967633007074222e+00,4.29972830228944503e+01
0.5,33,-1.42992183252221072e-01,-1.42992183252221100e-01,-1.34549789546829390e-01,2.77555756156289135e-17,1.94105544683316055e-16,8.44239370539168199e-03,5.90409455494522450e-02
0.5,34,-1.03425075400987998e-01,-1.03425075400988040e-01,-1.44199973373368456e-01,4.16333634234433703e-17,4.02546125898648907e-16,4.07748979723804583e-02,3.94245765007109117e-01
0.5,35,3.69591179783265930e-02,3.69591179783265653e-02,1.62099757676765965e+00,2.77555756156289135e-17,7.50980465278019277e-16,1.58403845878933303e+00,4.28592062104468496e+01
0.5,36,1.36997953535143713e-01,1.36997953535143741e-01,1.28892160351251062e-01,2.77555756156289135e-17,2.02598468804928911e-16,8.10579318389265113e-03,5.91672574277782512e-02
0.5,37,9.91864069408915916e-02,9.91864069408916194e-02,1.38327375097327232e-01,2.77555756156289135e-17,2.79832453575713909e-16,3.91409681564356404e-02,3.94620284811415922e-01
0.5,38,-3.55114215925495594e-02,-3.55114215925495386e-02,-1.55336801991385554e+00,2.08166817117216851e-17,5.86196800301824813e-16,1.51785659832130593e+00,4.27427720505494619e+01
0.5,39,-1.31699312694026627e-01,-1.31699312694026655e-01,-1.23892928918107728e-01,2.77555756156289135e-17,2.10749585915552015e-16,7.80638377591889865e-03,5.92742939673136654e-02
0.5,40,-9.54294352326154754e-02,-9.54294352326155310e-02,-1.33118390444259244e-01,5.55111512312578270e-17,5.81698415126797908e-16,3.76889552116437682e-02,3.94940566501043200e-01
0.5,41,3.42214727034180141e-02,3.42214727034179864e-02,1.49353675580122425e+00,2.77555756156289135e-17,8.11057310600683462e-16,1.45931528309780623e+00,4.26432636533509282e+01
0.5,42,1.26971380041168619e-01,1.26971380041168647e-01,1.19433577755183623e-01,2.77555756156289135e-17,2.18597101225721668e-16,7.53780228598499580e-03,5.93661523056689885e-02
0.5,43,9.20693441443281302e-02,9.20693441443281718e-02,1.28456768762412937e-01,4.16333634234433703e-17,4.52195720631818631e-16,3.63874246180848071e-02,3.95217593393994315e-01
0.5,44,-3.30625652611812870e-02,-3.30625652611812801e-02,-1.44011414199812071e+00,6.93889390390722838e-18,2.09871613079405370e-16,1.40705157673693937e+00,4.25572415697869886e+01
0.5,45,-1.22718562143844565e-01,-1.22718562143844578e-01,-1.15423453428808026e-01,1.38777878078144568e-17,1.13086297340638713e-16,7.29510871503653846e-03,5.94458457432509441e-02
0.5,46,-8.90408508867776005e-02,-8.90408508867776283e-02,-1.24252907627694406e-01,2.77555756156289135e-17,3.11717322321215181e-16,3.52120567409168056e-02,3.95459571536346699e-01
0.5,47,3.20139211145040736e-02,3.20139211145040598e-02,1.39203376391213851e+00,1.38777878078144568e-17,4.33492284752555734e-16,1.36001984279763444e+00,4.24821388774357374e+01
0.5,48,1.18866275929531057e-01,1.18866275929531084e-01,1.11791873470990122e-01,2.77555756156289135e-17,2.33502525410012760e-16,7.07440245854093486e-03,5.95156397659411737e-02
0.5,49,8.62927789609400087e-02,8.62927789609400503e-02,1.20436480562151560e-01,4.16333634234433703e-17,4.82466365375583769e-16,3.41437016012115513e-02,3.95672755152160827e-01
0.5,50,-3.10590992396098213e-02,-3.10590992396098109e-02,-1.34846188569171410e+00,1.04083408558608426e-17,3.35114060313347232e-16,1.31740278645210429e+00,4.24160010658652382e+01
0.90000000000000002,0,1.00000000000000000e+00,1.00000000000000000e+00,1.00000000000000000e+00,0.00000000000000000e+00,0.00000000000000000e+00,0.00000000000000000e+00,0.00000000000000000e+00
0.90000000000000002,1,9.00000000000000022e-01,9.00000000000000022e-01,3.70370370370370350e-01,0.00000000000000000e+00,0.00000000000000000e+00,5.29629629629629672e-01,5.88477366255144019e-01
0.90000000000000002,2,7.15000000000000080e-01,7.15000000000000080e-01,2.45398773006134968e-01,0.00000000000000000e+00,0.00000000000000000e+00,4.69601226993865084e-01,6.56784932858552439e-01
0.90000000000000002,3,4.72500000000000087e-01,4.72500000000000087e-01,2.21852468108707651e-01,0.00000000000000000e+00,0.00000000000000000e+00,2.50647531891292408e-01,5.30470966965698065e-01
0.90000000000000002,4,2.07937500000000136e-01,2.07937499999999997e-01,2.70683306171015492e-01,1.38777878078144568e-16,6.67401878343946979e-16,6.27458061710153558e-02,3.01753200702207680e-01
0.90000000000000002,5,-4.11412499999998585e-02,-4.11412500000000875e-02,5.95080027105895804e-01,2.28983498828938536e-16,5.56578856570812289e-15,6.36221277105895711e-01,1.54643156711548109e+01
0.90000000000000002,6,-2.41164312499999867e-01,-2.41164312500000116e-01,-8.64786473139703804e-01,2.49800180540660222e-16,1.03580906292119959e-15,6.23622160639703882e-01,2.58588078051434023e+00
0.90000000000000002,7,-3.67824993749999940e-01,-3.67824993750000162e-01,-2.38627406888840182e-01,2.22044604925031308e-16,6.03669159785124997e-16,1.29197586861159758e-01,3.51247438473339946e-01
0.90000000000000002,8,-4.09685903515625005e-01,-4.09685903515625172e-01,-1.49408979115645463e-01,1.66533453693773481e-16,4.06490563294233710e-16,2.60276924399979515e-01,6.35308469650708418e-01
0.90000000000000002,9,-3.69510485976562608e-01,-3.69510485976562664e-01,-1.24963918877869062e-01,5.55111512312578270e-17,1.50228892921806815e-16,2.44546567098693546e-01,6.61812252641200249e-01
0.90000000000000002,10,-2.63145617855859548e-01,-2.63145617855859604e-01,-1.30078651758626096e-01,5.55111512312578270e-17,2.10952216052727780e-16,1.33066966097233452e-01,5.05678062137147610e-01
0.90000000000000002,11,-1.16213392519101760e-01,-1.16213392519101871e-01,-1.76546470865513394e-01,1.11022302462515654e-16,9.55331395598550608e-16,6.03330783464116338e-02,5.19157706685955400e-01
0.90000000000000002,12,4.07487142724206816e-02,4.07487142724205845e-02,-4.47647857835227203e-01,9.71445146547011973e-17,2.38398968873601997e-15,4.88396572107647864e-01,1.19855701174405329e+01
0.90000000000000002,13,1.77800521642975884e-01,1.77800521642975828e-01,5.10053675323132394e-01,5.55111512312578270e-17,3.12210283289969351e-16,3.32253153680156510e-01,1.86868492066250558e+00
0.90000000000000002,14,2.70772813598774698e-01,2.70772813598774698e-01,1.64994321543303235e-01,0.00000000000000000e+00,0.00000000000000000e+00,1.05778492055471462e-01,3.90654034463783884e-01
0.90000000000000002,15,3.05197542128423760e-01,3.05197542128423871e-01,1.09021579523364442e-01,1.11022302462515654e-16,3.63771941570219781e-16,1.96175962605059317e-01,6.42783559909898106e-01
0.90000000000000002,16,2.78338701337587702e-01,2.78338701337587868e-01,9.46828326176604451e-02,1.66533453693773481e-16,5.98312246530857501e-16,1.83655868719927257e-01,6.59828718885833942e-01
0.90000000000000002,17,1.99029338568916164e-01,1.99029338568916359e-01,1.01789423471636831e-01,1.94289029309402395e-16,9.76182861815257587e-16,9.72399150972793336e-02,4.88570759449159842e-01
0.90000000000000002,18,8.54259023434371378e-02,8.54259023434373183e-02,1.43022019522749733e-01,1.80411241501587938e-16,2.11190325829140110e-15,5.75961171793125948e-02,6.74223105630881614e-01
0.90000000000000002,19,-3.88339761160018115e-02,-3.88339761160016519e-02,3.92668275866980387e-01,1.59594559789866253e-16,4.10966312883177040e-15,4.31502251982982199e-01,1.11114620530751846e+01
0.90000000000000002,20,-1.49308235309848464e-01,-1.49308235309848353e-01,-3.75755619002557772e-01,1.11022302462515654e-16,7.43577889271272907e-16,2.26447383692709309e-01,1.51664362801408514e+00
0.90000000000000002,21,-2.25371160029208206e-01,-2.25371160029208123e-01,-1.31953691851763644e-01,8.32667268468867405e-17,3.69464872240509089e-16,9.34174681774445625e-02,4.14504979986514754e-01
0.90000000000000002,22,-2.53926861437433649e-01,-2.53926861437433593e-01,-8.95805110982902941e-02,5.55111512312578270e-17,2.18610787834809304e-16,1.64346350339143354e-01,6.47219240252128625e-01
0.90000000000000002,23,-2.31559668155368770e-01,-2.31559668155368742e-01,-7.93173302933284641e-02,2.77555756156289135e-17,1.19863600758858634e-16,1.52242337862040306e-01,6.57464830014745094e-01
0.90000000000000002,24,-1.64777339579630255e-01,-1.64777339579630255e-01,-8.68210701624053949e-02,0.00000000000000000e+00,0.00000000000000000e+00,7.79562694172248605e-02,4.73100667944403419e-01
0.90000000000000002,25,-6.83699455893137381e-02,-6.83699455893138075e-02,-1.24781021980120005e-01,6.93889390390722838e-17,1.01490411380286101e-15,5.64110763908062668e-02,8.25085875154233706e-01
0.90000000000000002,26,3.77404994977405955e-02,3.77404994977404915e-02,-3.67104431068117909e-01,1.04083408558608426e-16,2.75787045597633321e-15,4.04844930565858518e-01,1.07270686915549511e+01
0.90000000000000002,27,1.32512607828310508e-01,1.32512607828310397e-01,3.00459655805796755e-01,1.11022302462515654e-16,8.37824447665850079e-16,1.67947047977486247e-01,1.26740429254162934e+00
0.90000000000000002,28,1.97870735752227633e-01,1.97870735752227550e-01,1.12073573391536688e-01,8.32667268468867405e-17,4.20813752626627699e-16,8.57971623606909456e-02,4.33602078824458226e-01
0.90000000000000002,29,2.22083300858502891e-01,2.22083300858502863e-01,7.75753638072269047e-02,2.77555756156289135e-17,1.24978219921690430e-16,1.44507937051275986e-01,6.50692494629963591e-01
0.90000000000000002,30,2.01812397959063416e-01,2.01812397959063416e-01,6.96399499928429255e-02,0.00000000000000000e+00,0.00000000000000000e+00,1.32172447966220491e-01,6.54927295363840756e-01
0.90000000000000002,31,1.42483923296693404e-01,1.42483923296693432e-01,7.72574021289775675e-02,2.77555756156289135e-17,1.94797946136236352e-16,6.52265211677158369e-02,4.57781619557843356e-01
0.90000000000000002,32,5.69579410684859302e-02,5.69579410684860066e-02,1.13122231737398340e-01,7.63278329429795122e-17,1.34007359660707064e-15,5.61642906689124102e-02,9.86066027235443121e-01
0.90000000000000002,33,-3.71953331208412716e-02,-3.71953331208411675e-02,3.56525705806754245e-01,1.04083408558608426e-16,2.79829214650287544e-15,3.93721038927595524e-01,1.05852268522092068e+01
0.90000000000000002,34,-1.21249724777846013e-01,-1.21249724777845902e-01,-2.50947092360981616e-01,1.11022302462515654e-16,9.15649933770414153e-16,1.29697367583135603e-01,1.06967143901371631e+00
0.90000000000000002,35,-1.78999045217018121e-01,-1.78999045217018010e-01,-9.83996480746243130e-02,1.11022302462515654e-16,6.20239634953987680e-16,8.05993971423938083e-02,4.50278363466549481e-01
0.90000000000000002,36,-1.99841628392856879e-01,-1.99841628392856768e-01,-6.92134627990468598e-02,1.11022302462515654e-16,5.55551430176817121e-16,1.30628165593810019e-01,6.53658432651558541e-01
0.90000000000000002,37,-1.80692685340487713e-01,-1.80692685340487630e-01,-6.28416745646458302e-02,8.32667268468867405e-17,4.60819577117819314e-16,1.17851010775841883e-01,6.52217938727124968e-01
0.90000000000000002,38,-1.26384631840716216e-01,-1.26384631840716188e-01,-7.05131336777709700e-02,2.77555756156289135e-17,2.19611951321815261e-16,5.58714981629452462e-02,4.42075095280260344e-01
0.90000000000000002,39,-4.85162293236692452e-02,-4.85162293236692452e-02,-1.05012670566800928e-01,0.00000000000000000e+00,0.00000000000000000e+00,5.64964412431316829e-02,1.16448541097915026e+00
0.90000000000000002,40,3.69874184218762156e-02,3.69874184218761948e-02,-3.55915122610211354e-01,2.08166817117216851e-17,5.62804396735341043e-16,3.92902541032087549e-01,1.06225997324459183e+01
0.90000000000000002,41,1.13098340875647463e-01,1.13098340875647435e-01,2.15439890753865049e-01,2.77555756156289135e-17,2.45410988355226095e-16,1.02341549878217586e-01,9.04889931062233255e-01
0.90000000000000002,42,1.65046712097950965e-01,1.65046712097950937e-01,8.82406157696817156e-02,2.77555756156289135e-17,1.68168000821226260e-16,7.68060963282692494e-02,4.65359747867541973e-01
0.90000000000000002,43,1.83161468807350153e-01,1.83161468807350097e-01,6.29572945446079807e-02,5.55111512312578270e-17,3.03072210507574809e-16,1.20204174262742172e-01,6.56274352053669796e-01
0.90000000000000002,44,1.64648508804627836e-01,1.64648508804627752e-01,5.77383707381565331e-02,8.32667268468867405e-17,5.05724148074071933e-16,1.06910138066471302e-01,6.49323451774051819e-01
0.90000000000000002,45,1.13983131727272979e-01,1.13983131727272910e-01,6.54590729401332144e-02,6.93889390390722838e-17,6.08764981164923073e-16,4.85240587871397649e-02,4.25712630034092265e-01
0.90000000000000002,46,4.18703389620740038e-02,4.18703389620739691e-02,9.90824229346536772e-02,3.46944695195361419e-17,8.28616877235272985e-16,5.72120839725796734e-02,1.36641081469156878e+00
0.90000000000000002,47,-3.69931210282758022e-02,-3.69931210282758022e-02,3.63486688068242414e-01,0.00000000000000000e+00,0.00000000000000000e+00,4.00479809096518202e-01,1.08257913353785504e+01
0.90000000000000002,48,-1.06892037065313736e-01,-1.06892037065313694e-01,-1.88546844483485465e-01,4.16333634234433703e-17,3.89489849445046433e-16,8.16548074181717293e-02,7.63899815739114252e-01
0.90000000000000002,49,-1.54204184213156154e-01,-1.54204184213156070e-01,-8.03047591739178696e-02,8.32667268468867405e-17,5.39977091229815792e-16,7.38994250392382840e-02,4.79230997630305855e-01
0.90000000000000002,50,-1.70037659943836794e-01,-1.70037659943836711e-01,-5.80490966991489832e-02,8.32667268468867405e-17,4.89695793710579356e-16,1.11988563244687811e-01,6.58610353034013052e-01
0.98999999999999999,0,1.00000000000000000e+00,1.00000000000000000e+00,1.00000000000000000e+00,0.00000000000000000e+00,0.00000000000000000e+00,0.00000000000000000e+00,0.00000000000000000e+00
0.98999999999999999,1,9.89999999999999991e-01,9.89999999999999991e-01,3.36700336700336722e-01,0.00000000000000000e+00,0.00000000000000000e+00,6.53299663299663269e-01,6.59898649797639680e-01
0.98999999999999999,2,9.70149999999999957e-01,9.70149999999999846e-01,1.86889688361444678e-01,1.11022302462515654e-16,1.14438285278065931e-16,7.83260311638555251e-01,8.07360007873581753e-01
0.98999999999999999,3,9.40747499999999959e-01,9.40747499999999737e-01,1.26498493244822346e-01,2.22044604925031308e-16,2.36029970767959855e-16,8.14249006755177640e-01,8.65534063874926818e-01
0.98999999999999999,4,9.02232543749999949e-01,9.02232543749999505e-01,9.54692940419965275e-02,4.44089209850062616e-16,4.92211473556772462e-16,8.06763249708003394e-01,8.94185490533081273e-01
0.98999999999999999,5,8.55180392962499925e-01,8.55180392962499480e-01,7.73270971905939963e-02,4.44089209850062616e-16,5.19293021103602554e-16,7.77853295771905984e-01,9.09578028417233897e-01
0.98999999999999999,6,8.00291960101937372e-01,8.00291960101937039e-01,6.59203629691892945e-02,3.33066907387546962e-16,4.16181748652232495e-16,7.34371597132748022e-01,9.17629607373798062e-01
0.98999999999999999,7,7.38382166962419206e-01,7.38382166962418873e-01,5.84991525654785932e-02,3.33066907387546962e-16,4.51076586475169842e-16,6.79883014396940655e-01,9.20773882167097435e-01
0.98999999999999999,8,6.70366432334795426e-01,6.70366432334795204e-01,5.36909206758981322e-02,2.22044604925031308e-16,3.31228704503714536e-16,6.16675511658897335e-01,9.19908100874174295e-01
0.98999999999999999,9,5.97245524499472547e-01,5.97245524499472324e-01,5.07731244066015816e-02,2.22044604925031308e-16,3.71781111480270959e-16,5.46472400092871013e-01,9.14987852861430029e-01
0.98999999999999999,10,5.20089042482192010e-01,5.20089042482191677e-01,4.93771599856431889e-02,3.33066907387546962e-16,6.40403623575575115e-16,4.70711882496548828e-01,9.05060180176101570e-01
0.98999999999999999,11,4.40017813473640551e-01,4.40017813473640163e-01,4.93651358074699981e-02,3.88578058618804789e-16,8.83096199108954280e-16,3.90652677666170567e-01,8.87811051516833150e-01
0.98999999999999999,12,3.58185512124223615e-01,3.58185512124223226e-01,5.07946724195074001e-02,3.88578058618804789e-16,1.08485141209184535e-15,3.07390839704716201e-01,8.58188925291062166e-01
0.98999999999999999,13,2.75759820260834454e-01,2.75759820260834010e-01,5.39537230576662558e-02,4.44089209850062616e-16,1.61042029049050562e-15,2.21806097203168184e-01,8.04345234172865520e-01
0.98999999999999999,14,1.93903452711228441e-01,1.93903452711227969e-01,5.94980744954547447e-02,4.71844785465691530e-16,2.43340063762757453e-15,1.34405378215773696e-01,6.93156188486945046e-01
0.98999999999999999,15,1.13755376245845696e-01,1.13755376245845266e-01,6.88260640041373772e-02,4.30211422042248159e-16,3.78189968896489245e-15,4.49293122417083191e-02,3.94964297288314947e-01
0.98999999999999999,16,3.64125441447861325e-02,3.64125441447857301e-02,8.51830431529867205e-02,4.02455846426619246e-16,1.10526703332331256e-14,4.87704990082005879e-02,1.33938729505622800e+00
0.98999999999999999,17,-3.70875413366687223e-02,-3.70875413366690831e-02,1.17782217592582450e-01,3.60822483003175876e-16,9.72894050127901153e-15,1.54869758929251172e-01,4.17578931758763705e+00
0.98999999999999999,18,-1.05783142098718627e-01,-1.05783142098718946e-01,2.06284647410613309e-01,3.19189119579732505e-16,3.01739117639235734e-15,3.12067789509331950e-01,2.95007109183904737e+00
0.98999999999999999,19,-1.68803197421896145e-01,-1.68803197421896423e-01,1.12479559780329641e+00,2.77555756156289135e-16,1.64425650932774482e-15,1.29359879522519261e+00,7.66335481188814693e+00
0.98999999999999999,20,-2.25380587629187779e-01,-2.25380587629188056e-01,-3.03169648663667746e-01,2.77555756156289135e-16,1.23149805879885115e-15,7.77890610344799671e-02,3.45145346601296810e-01
0.98999999999999999,21,-2.74863528734800466e-01,-2.74863528734800688e-01,-1.31233601858474963e-01,2.22044604925031308e-16,8.07835822915847820e-16,1.43629926876325503e-01,5.22549963385304239e-01
0.98999999999999999,22,-3.16724912637614153e-01,-3.16724912637614375e-01,-8.35076874020931476e-02,2.22044604925031308e-16,7.01064539179736581e-16,2.33217225235521020e-01,7.36340009673821294e-01
0.98999999999999999,23,-3.50569444601743496e-01,-3.50569444601743663e-01,-6.15026121573294879e-02,1.66533453693773481e-16,4.75036989840800448e-16,2.89066832444414001e-01,8.24563683160698280e-01
0.98999999999999999,24,-3.76138469443916656e-01,-3.76138469443916768e-01,-4.90945431204810392e-02,1.11022302462515654e-16,2.95163381258638846e-16,3.27043926323435596e-01,8.69477474098667824e-01
0.98999999999999999,25,-3.93312419291302118e-01,-3.93312419291302173e-01,-4.13223058890868356e-02,5.55111512312578270e-17,1.41137549969262882e-16,3.51990113402215310e-01,8.94937703814325913e-01
0.98999999999999999,26,-4.02110858227689494e-01,-4.02110858227689605e-01,-3.61613247348897687e-02,1.11022302462515654e-16,2.76098742898533880e-16,3.65949533492799739e-01,9.10071255239733090e-01
0.98999999999999999,27,-4.02690141838259741e-01,-4.02690141838259907e-01,-3.26393855399193800e-02,1.66533453693773481e-16,4.13552348049934517e-16,3.70050756298340389e-01,9.18946648679001110e-01
0.98999999999999999,28,-3.95338751819486633e-01,-3.95338751819486856e-01,-3.02406228844942400e-02,2.22044604925031308e-16,5.61656563904005633e-16,3.65098128934992383e-01,9.23507061361133030e-01
0.98999999999999999,29,-3.80470406679391637e-01,-3.80470406679391915e-01,-2.86765663169634734e-02,2.77555756156289135e-16,7.29506819147106837e-16,3.51793840362428167e-01,9.24628654913683845e-01
0.98999999999999999,30,-3.58615088379271807e-01,-3.58615088379272084e-01,-2.77868027490240539e-02,2.77555756156289135e-16,7.73965639345173887e-16,3.30828285630247743e-01,9.22516359045002843e-01
0.98999999999999999,31,-3.30408160865886258e-01,-3.30408160865886591e-01,-2.74936122095329298e-02,3.33066907387546962e-16,1.00804685488001589e-15,3.02914548656353311e-01,9.16788943295221204e-01
0.98999999999999999,32,-2.96577789170246908e-01,-2.96577789170247241e-01,-2.77833583101691067e-02,3.33066907387546962e-16,1.12303388706007901e-15,2.68794430860077815e-01,9.06320165148239099e-01
0.98999999999999999,33,-2.57930896527182596e-01,-2.57930896527182929e-01,-2.87053157336021707e-02,3.33066907387546962e-16,1.29130287170713580e-15,2.29225580793580436e-01,8.88709277872118064e-01
0.98999999999999999,34,-2.15337921294996348e-01,-2.15337921294996570e-01,-3.03880463106349225e-02,2.22044604925031308e-16,1.03114492602929578e-15,1.84949874984361440e-01,8.58882048605802084e-01
0.98999999999999999,35,-1.69716654906771180e-01,-1.69716654906771319e-01,-3.30833848585782367e-02,1.38777878078144568e-16,8.17703354773154608e-16,1.36633270048192951e-01,8.05066951874866876e-01
0.98999999999999999,36,-1.22015456335335393e-01,-1.22015456335335476e-01,-3.72687793650839511e-02,8.32667268468867405e-17,6.82427696848869523e-16,8.47466769702514416e-02,6.94556898900922315e-01
0.98999999999999999,37,-7.31961473705655674e-02,-7.31961473705655952e-02,-4.38996280451554727e-02,2.77555756156289135e-17,3.79194487861669735e-16,2.92965193254100947e-02,4.00246739450540123e-01
0.98999999999999999,38,-2.42168962593969465e-02,-2.42168962593969361e-02,-5.51296958523894501e-02,1.04083408558608426e-17,4.29796648768401378e-16,3.09127995929925035e-02,1.27649717213440717e+00
0.98999999999999999,39,2.39846050827605753e-02,2.39846050827606135e-02,-7.69404140984487478e-02,3.81639164714897561e-17,1.59118385897130531e-15,1.00925019181209330e-01,4.20790831589515069e+00
0.98999999999999999,40,7.05073729409796401e-02,7.05073729409797095e-02,-1.34197037028431859e-01,6.93889390390722838e-17,9.84137348262236788e-16,2.04704409969411499e-01,2.90330502230973231e+00
0.98999999999999999,41,1.14502488605530098e-01,1.14502488605530209e-01,-6.20209395177804823e-01,1.11022302462515654e-16,9.69606021795701353e-16,7.34711883783334962e-01,6.41655821398322690e+00
0.98999999999999999,42,1.55187314241339108e-01,1.55187314241339275e-01,2.27117715723626407e-01,1.66533453693773481e-16,1.07311254471992118e-15,7.19304014822872984e-02,4.63506967911210432e-01
0.98999999999999999,43,1.91858324929684243e-01,1.91858324929684521e-01,9.55103842659471708e-02,2.77555756156289135e-16,1.44667038168926401e-15,9.63479406637370722e-02,5.02182747081985847e-01
0.98999999999999999,44,2.23902341223093659e-01,2.23902341223094048e-01,6.07499898212330233e-02,3.88578058618804789e-16,1.73548010483566226e-15,1.63152351401860629e-01,7.28676397533947862e-01
0.98999999999999999,45,2.50805977516903922e-01,2.50805977516904366e-01,4.49504541540868760e-02,4.44089209850062616e-16,1.77064842810666951e-15,2.05855523362817039e-01,8.20775985488394921e-01
0.98999999999999999,46,2.72163155640405663e-01,2.72163155640406107e-01,3.61003269027356105e-02,4.44089209850062616e-16,1.63170216337737314e-15,2.36062828737670038e-01,8.67357773620052286e-01
0.98999999999999999,47,2.87680569660309915e-01,2.87680569660310359e-01,3.05807699279003857e-02,4.44089209850062616e-16,1.54368857922673853e-15,2.57099799732409540e-01,8.93698868978152317e-01
0.98999999999999999,48,2.97181026280272542e-01,2.97181026280272931e-01,2.69316304580817893e-02,3.88578058618804789e-16,1.30754666097806439e-15,2.70249395822190763e-01,9.09376346144378456e-01
0.98999999999999999,49,3.00604624693871392e-01,3.00604624693871669e-01,2.44569611578611817e-02,2.77555756156289135e-16,9.23324970262667485e-16,2.76147663536010224e-01,9.18640768807973074e-01
0.98999999999999999,50,2.98007779570259534e-01,2.98007779570259812e-01,2.27897925892528753e-02,2.77555756156289135e-16,9.31370840575158321e-16,2.75217986981006635e-01,9.23526182363034964e-01
